{"accuracy": [0.369812935590744, 0.6931929588317871, 0.772074818611145, 0.8099580407142639, 0.8268013596534729, 0.8390639424324036, 0.8424781560897827, 0.8505441546440125, 0.8564193844795227, 0.852806031703949], "loss": [2.184324026107788, 0.9740172028541565, 0.7155122756958008, 0.5952199697494507, 0.539161205291748, 0.5006371140480042, 0.5008088946342468, 0.4722902774810791, 0.4532865583896637, 0.4683939218521118], "val_accuracy": [0.6451172232627869, 0.7154564261436462, 0.8142499327659607, 0.8395743370056152, 0.8033234477043152, 0.8527202606201172, 0.828477144241333, 0.8473138809204102, 0.8699066638946533, 0.8677441477775574], "val_loss": [1.1262093782424927, 0.8908485770225525, 0.5730735659599304, 0.5062867403030396, 0.6133038401603699, 0.46593546867370605, 0.5372815728187561, 0.49083396792411804, 0.39752617478370667, 0.41456687450408936]}